Munic&iacute;pio [-],C&oacute;digo [-],Gent&iacute;lico [-],Prefeito [2025],&Aacute;rea Territorial - km&sup2; [2024],Popula&ccedil;&atilde;o no &uacute;ltimo censo - pessoas [2022],Densidade demogr&aacute;fica - hab/km&sup2; [2022],Popula&ccedil;&atilde;o estimada - pessoas [2025],Escolariza&ccedil;&atilde;o &lt;span&gt;6 a 14 anos&lt;/span&gt; - % [2022],IDHM &lt;span&gt;&Iacute;ndice de desenvolvimento humano municipal&lt;/span&gt; [2010],Mortalidade infantil - &oacute;bitos por mil nascidos vivos [2023],Total de receitas brutas realizadas - R$ [2024],Total de despesas brutas empenhadas - R$ [2024],PIB per capita - R$ [2021],
&Aacute;gua Branca,2500106,agua branquense,MARLUCE PEREIRA VERAS DE BRITO,241.662,9335,38.63,9580,99.2,0.572,15.87,72684807.18,69838138.4,8870.96,
Aguiar,2500205,aguiarense,MANOEL BATISTA GUEDES FILHO,351.607,5003,14.23,5026,99.49,0.597,-,52615382.76,49447163.14,10689.52,
Alagoa Grande,2500304,alagoa-grandense,JOAO BOSCO CARNEIRO NETO,322.071,26062,80.92,26655,97.48,0.582,16.13,128587326.42,137152270.28,10573.42,
Alagoa Nova,2500403,alagoa-novense,FRANCINILDO PIMENTEL DA SILVA,128.230,21013,163.87,21823,99.38,0.576,9.71,116094031.23,103542330,15961.14,
Alagoinha,2500502,alagoinhense,ALIRIO CLAUDINO DE PONTES FILHO,111.361,13725,123.25,14140,99.01,0.595,-,89064852.7,85182740.34,9468.2,
Alcantil,2500536,alcantilense,CICERO JOSE FERNANDES DO CARMO,309.896,5578,18.00,5806,98.8,0.578,-,63880592.21,55862754.22,9968.7,
Algod&atilde;o de Janda&iacute;ra,2500577,algodoense,HUMBERTO DOS SANTOS,222.740,2953,13.26,3143,100,0.548,-,34643365.21,31700161.95,11062.36,
Alhandra,2500601,alhandrense,MARCELO RODRIGUES DA COSTA,183.974,21730,118.11,23065,97.89,0.582,5.49,231746486.24,200949165,171143.98,
S&atilde;o Jo&atilde;o do Rio do Peixe,2500700,s&atilde;o-joanense,LUIZ CLAUDINO DE CARVALHO FLORENCIO,476.237,17964,37.72,18500,99.75,0.608,12.5,143708227.74,135018335.54,12515.6,
Amparo,2500734,amparense,TARCIO GABRIEL ALVES DE BRITO RAFAEL,122.094,2234,18.30,2328,100,0.606,-,31251966.92,29400461.21,13000.44,
Aparecida,2500775,aparecidense,JO&Atilde;O RABELO DE S&Aacute; NETO,291.478,7960,27.31,8257,100,0.578,-,53417036.2,46868604.95,12405.76,
Ara&ccedil;agi,2500809,ara&ccedil;agiense,JOSILDA MACENA BEN&Iacute;CIO LEITE,232.177,16646,71.70,16991,98.4,0.549,10.75,99467312.44,91419732.18,11026.72,
Arara,2500908,araraense,AMARILDO CARVALHO PEREIRA FILHO,91.306,12212,133.75,12482,98.78,0.548,8.7,53831544.54,51220236.31,8250.02,
Araruna,2501005,ararunense,AVAILDO LUIS DE ALC&Acirc;NTARA AZEVEDO,246.717,17189,69.67,17360,98.53,0.567,9.57,87669712.74,78490578.78,9912.59,
Areia,2501104,areiense,SILVIA CESAR FARIAS DA CUNHA LIMA,269.130,22633,84.10,23031,98.87,0.594,11.11,114977215.63,105316904.79,11435.64,
Areia de Bara&uacute;nas,2501153,baraunense,ANTONIO GERONIMO DUARTE MACEDO,114.078,2005,17.58,2027,98.38,0.562,-,31673138.3,28145989.45,12396.9,
Areial,2501203,areialense,CARLOS HENRIQUE PEREIRA BALBINO,35.810,7128,199.05,7434,99.17,0.608,39.47,47913326.98,45788410.7,8871.24,
Aroeiras,2501302,aroeirense,DOMINGOS MARQUES BARBOSA FILHO,376.118,18705,49.73,19142,97.03,0.548,22.64,104925530.94,103893249.73,8803.78,
Assun&ccedil;&atilde;o,2501351,assun&ccedil;&atilde;oense,WAGNER FELIPE DE OLIVEIRA VILAR,132.139,4152,31.42,4383,98.44,0.609,-,39014135.43,35505445.42,11924.64,
Ba&iacute;a da Trai&ccedil;&atilde;o,2501401,baianense,ELIZABETE DE OLIVEIRA,102.756,9224,89.77,9741,98.2,0.581,12.35,68305814.38,62666624.37,11727.05,
Bananeiras,2501500,bananeirense,MATHEUS DE MELO BEZERRA CAVALCANTI,255.641,23134,90.49,24134,97.53,0.568,3.76,127877317.97,132429767.89,13143.47,
Bara&uacute;na,2501534,baraunense,AUSTRYANEE JERONIMO DOS SANTOS,50.030,4762,95.18,5010,99.44,0.558,17.54,37550428.42,38043063.63,9891.45,
Barra de Santana,2501575,barrasantense,CLEOCELIO NAZARENO BARRETO,375.177,8059,21.48,8247,99.6,0.567,-,52099199.14,49172038.59,10889.99,
Barra de Santa Rosa,2501609,santa rosense,ALEX SANDRO AZEVEDO VIEIRA,781.187,12904,16.52,13024,98.78,0.562,21.9,83323087.55,85267479.95,9665.19,
Barra de S&atilde;o Miguel,2501708,barrense,JO&Atilde;O PAULO FRAN&Ccedil;A,609.697,5906,9.69,6123,99.64,0.572,10.99,54079042,53561022.02,13915.49,
Bayeux,2501807,bayeuxense,TARCYANNA MACEDO MOTA LEIT&Atilde;O,27.705,82742,2986.54,83862,98.19,0.649,17.02,353091445.49,370177780.07,14016.16,
Bel&eacute;m,2501906,belenense,ALINE BARBOSA DE LIMA,99.609,16401,164.65,16710,98.61,0.592,17.14,90183872.55,81096785.08,12297.24,
Bel&eacute;m do Brejo do Cruz,2502003,belenense do brejo do cruz,LEOMAR J&Acirc;NIO DE MEDEIROS MAIA,601.549,6268,10.42,6272,98,0.578,-,50125203.95,48957119.84,10679.3,
Bernardino Batista,2502052,batistense,ANTONIO ALDO ANDRADE DE SOUSA,57.453,3504,60.99,3677,100,0.558,18.52,51527482.52,43944854.53,11211.72,
Boa Ventura,2502102,boa-venturense,MANOEL VITAL NETO,168.664,5207,30.87,5246,99.59,0.599,12.05,38185332.74,32835400.05,9835.17,
Boa Vista,2502151,boavistense,JOS&Eacute; FERNANDO LEITE AIRES,468.933,6377,13.60,6592,99.58,0.649,-,62161149.6,50278934.56,28593.35,
Bom Jesus,2502201,bom-jesuense,DENISE BANDEIRA DE MELO BARBOSA PEREIRA,47.367,2286,48.26,2328,95.69,0.597,-,38801736.13,36908669.91,12384.4,
Bom Sucesso,2502300,bom-sucessense,MANOEL TAIRIS DUARTE,186.059,4661,25.05,4720,99.61,0.592,30.3,52659662.05,44439995.65,11041.7,
Bonito de Santa F&eacute;,2502409,bonitense,ANTONIO LUCENA FILHO,226.798,10252,45.20,10433,96.18,0.574,17.54,65814818.15,60750762.4,7962.14,
Boqueir&atilde;o,2502508,boqueir&atilde;oense,JO&Atilde;O MARCOS DE FREITAS,373.077,17598,47.17,18216,99.41,0.607,17.09,100158324.4,89625565.79,14310.05,
Igaracy,2502607,igaraciense,EDNAILTON SABINO DA SILVA,197.058,5648,28.66,5719,98.89,0.610,31.75,40071844.25,38330119.2,9976.11,
Borborema,2502706,borboremense,JOS&Eacute; AMANCIO DA FONS&Ecirc;CA RAMALHO,26.107,4214,161.41,4185,99.37,0.558,46.15,38364749.49,30828961.99,13030.55,
Brejo do Cruz,2502805,brejo-cruzense,TALES TORRICELLI DE SOUSA COSTA E SILVA,401.315,13613,33.92,14095,98.86,0.597,5.56,98960069.98,84672916.09,10299.88,
Brejo dos Santos,2502904,brejo-santense,MARIA LUCIENE DE OLIVEIRA ALMEIDA,93.857,5742,61.18,5816,97.88,0.619,29.85,42550047.2,40161206.61,9926.14,
Caapor&atilde;,2503001,caapor&atilde;ense,FRANCISCO NAZARIO DE OLIVEIRA,151.018,21193,140.33,21942,99.51,0.602,3.82,134826919.24,137699601.89,21157.09,
Cabaceiras,2503100,cabaceirense,RICARDO JORGE DE FARIAS AIRES,469.171,5335,11.37,5537,100,0.611,-,55995822.89,61324757.93,20400.58,
Cabedelo,2503209,cabedelense,ANDRE LUIS ALMEIDA COUTINHO,29.873,66519,2226.73,70734,98.97,0.748,11.34,590335453.08,555749713.44,45182.89,
Cachoeira dos &Iacute;ndios,2503308,cachoeirense (dos &Iacute;ndios),ALYSON FRANCISCO DE MOURA SOUSA,193.215,9151,47.36,9335,99.25,0.587,34.19,55536915.15,55163306.27,12042.75,
Cacimba de Areia,2503407,cacimbense (de Areia),HEITOR CARNEIRO CAMPOS,213.019,3291,15.45,3344,99.09,0.596,23.26,32137661.62,29938637.27,10546.32,
Cacimba de Dentro,2503506,cacimbense (de Dentro),POLLYANNO HENRIQUE PEREIRA,165.072,16064,97.32,16332,98.27,0.564,9.9,80297952.92,80666487.21,8971.73,
Cacimbas,2503555,cacimbense,NILTON DE ALMEIDA,124.068,7223,58.22,7513,98.95,0.523,36.5,66548251.04,59272328.14,9287.68,
Cai&ccedil;ara,2503605,cai&ccedil;arense,TARCISIO ALBERTO LOPES SOARES,123.677,6602,53.38,6684,98.33,0.592,-,45188165.9,41684354.7,9142.39,
Cajazeiras,2503704,cajazeirense,MARIA DO SOCORRO DELFINO PEREIRA,562.703,63239,112.38,66585,99.25,0.679,10.23,320033239.75,325350749.98,19683.9,
Cajazeirinhas,2503753,cajazeirinhense,LUANA MARA DE ALMEIDA,282.693,2740,9.69,2760,98.47,0.550,-,35559881.1,31266131.93,13058.29,
Caldas Brand&atilde;o,2503803,caldas-brandense,F&Aacute;BIO ROLIM PEIXOTO,55.963,5753,102.80,5942,98.76,0.568,35.71,52353428.98,49310898.63,12293.26,
Camala&uacute;,2503902,camalauense,UBIRAJARA ANTONIO PEREIRA MARIANO,541.841,6085,11.23,6327,99.72,0.567,-,40681462.25,35650702.18,11845.53,
Campina Grande,2504009,campinense,BRUNO CUNHA LIMA BRANCO,591.658,419379,708.82,443911,98.79,0.720,15.62,1948560911.37,2007945487.2,25066.11,
Capim,2504033,capiense,CARLYANNE SOARES BORBA,79.876,6970,87.26,7446,98.15,0.533,17.39,46842537.43,46788066.59,11264.11,
Cara&uacute;bas,2504074,cara&uacute;bense,NERIVAN ALVARES DE LIMA,486.622,3944,8.10,4067,97.37,0.585,15.87,37153720.49,31200738.55,10032.69,
Carrapateira,2504108,carrapateirense,IARLEY PEREIRA BEZERRA,59.070,2312,39.14,2365,100,0.603,-,37211877.4,34510600.07,11403.91,
Casserengue,2504157,cassereguense,ANTONIO JUDIVAN DE SOUSA,202.761,6889,33.98,7052,98.79,0.514,-,46911657.25,40802660.65,9298.49,
Catingueira,2504207,catingueirense,SUELIO FELIX DE ALENCAR,527.424,4491,8.51,4556,99.17,0.574,-,44385022.3,40954715.43,10712.59,
Catol&eacute; do Rocha,2504306,catoleense,LAURO ADOLFO MAIA SERAFIM,551.765,30661,55.57,32288,99.71,0.640,5.9,143066884.45,127208033.46,16405.68,
Caturit&eacute;,2504355,caturiteense,ITAMILSON FRANCISCO DA SILVA,117.823,5254,44.59,5544,99.77,0.623,14.93,44950256.49,39992561.46,12589.86,
Concei&ccedil;&atilde;o,2504405,concei&ccedil;&atilde;oense,SAMUEL SOARES LAVOR DE LACERDA,580.650,18260,31.45,18731,98.16,0.592,13.76,104833747.82,92606127.84,10983.17,
Condado,2504504,condadense,CAIO RODRIGO BEZERRA PAIX&Atilde;O,265.473,6451,24.30,6629,100,0.594,14.71,44383172.46,40105049.02,13565.45,
Conde,2504603,condense,KARLA MARIA MARTINS PIMENTEL,171.267,27605,161.18,30007,98.79,0.618,12.66,238729390.08,206646998.84,50786.89,
Congo,2504702,congoense,FLAVIA EMANOELA SOUSA PEREIRA QUIRINO,324.686,4933,15.19,5124,98.36,0.581,-,45362936.16,42276946.1,12890.01,
Coremas,2504801,coremense,EDILSON PEREIRA DE OLIVEIRA,372.012,14683,39.47,14987,97.06,0.592,17.75,90064786.23,84130368.96,16167.95,
Coxixola,2504850,coxixolense,NELSON JOS&Eacute; NEVES HONORATO,173.942,1824,10.49,1888,100,0.641,47.62,28086160.56,25975721.94,12328.94,
Cruz do Esp&iacute;rito Santo,2504900,Santo esp&iacute;rito-santense,ALINY CIBELY CUNHA DA SILVA FARIAS,192.512,17095,88.80,17821,98.93,0.552,3.56,95754222.91,86254133.17,10863.92,
Cubati,2505006,cubatiense,JOSE RIBEIRO DE OLIVEIRA,163.570,7580,46.34,7842,99.32,0.566,12.35,57956516.61,52803095.38,9765.34,
Cuit&eacute;,2505105,cuiteense,CAIO TIB&Eacute;RIO BARBALHO IN&Aacute;CIO DA SILVA,733.818,19719,26.87,20208,99.41,0.591,13.7,106274570.43,115188141.13,10842.53,
Cuitegi,2505204,cuitegiense,GUILHERME CUNHA MADRUGA JUNIOR,42.091,6730,159.89,6890,99.62,0.570,-,47823445.32,49953080.83,9890.58,
Cuit&eacute; de Mamanguape,2505238,cuiteense,H&Eacute;LIO SEVERINO DE SOUZA,107.680,6251,58.05,6441,99.34,0.524,40.82,56615300.22,54437095.12,11652.59,
Curral de Cima,2505279,curralense de cima,ADJAMIR SOUZA DA SILVA,86.428,5254,60.79,5415,98.69,0.529,-,50205435.67,52357125.08,10659.61,
Curral Velho,2505303,curral-velhense,T&Aacute;CIO SAMUEL BARBOSA DINIZ,217.624,2292,10.53,2316,98.48,0.606,-,41729060.26,35392234.28,10679.09,
Dami&atilde;o,2505352,dami&atilde;oense,SIMONE DE AZEVEDO SANTOS CASADO,186.198,4982,26.76,5141,99.59,0.521,16.39,39366545.72,35292396.15,9294.97,
Desterro,2505402,desterrense,TIAGO SIM&Otilde;ES DOS SANTOS,182.018,8067,44.32,8314,100,0.580,35.09,60159641.67,59633957.09,8727.17,
Vista Serrana,2505501,vista-serranense,EMMANUEL DA NOBREGA DIAS,60.390,3641,60.29,3772,99.26,0.566,-,37393785.38,32472730,10231.1,
Diamante,2505600,diamantense,HERMES MANGUEIRA DINIZ FILHO,271.791,6299,23.18,6416,98.54,0.593,11.49,43512020.86,40150624.79,9121.54,
Dona In&ecirc;s,2505709,inesense,ANTONIO JUSTINO DE ARAUJO NETO,173.648,10380,59.78,10638,99.72,0.545,8.4,69024534.84,70227615.45,9043.88,
Duas Estradas,2505808,duas-estradense,MYLLENA NAYARA LEANDRO NUNES,27.012,3327,123.17,3360,99.54,0.603,-,35498555.8,31107942.72,12615.62,
Emas,2505907,emense,ANA ALVES DE ARA&Uacute;JO LOUREIRO,248.226,3011,12.13,3036,99.26,0.595,-,35488176.45,31870187.04,11709.62,
Esperan&ccedil;a,2506004,esperancense,THIAGO DE ASSIS MORAES,157.851,31231,197.85,32599,99.77,0.623,13.07,144665209.7,156106505.19,15193.67,
Fagundes,2506103,fagundense,WILMAR LEMOS MARANH&Atilde;O J&Uacute;NIOR,185.061,11049,59.70,11307,100,0.560,-,62927382.91,52563814.39,9419.68,
Frei Martinho,2506202,frei-martinhense,SEBASTI&Atilde;O PINTO DANTAS,238.658,2846,11.93,2911,100,0.641,-,32179432.45,28772269.79,10125.12,
Gado Bravo,2506251,gadobravense,MARCELO PAULINO DA SILVA,192.420,8179,42.51,8398,100,0.513,20.83,58216569.62,52753529.93,9190.85,
Guarabira,2506301,guarabirense,MARIA HAILEA ARAUJO TOSCANO,162.387,57484,353.99,60057,99.07,0.673,6.47,253130686.89,240379840.37,30143.08,
Gurinh&eacute;m,2506400,gurinheense,TARCISIO SAULO DE PAIVA,340.408,13766,40.44,14141,98.8,0.556,5.56,94195361.47,91102368.38,10688.13,
Gurj&atilde;o,2506509,gurjaense,JOS&Eacute; ELIAS BORGES BATISTA,344.502,3242,9.41,3352,100,0.625,29.41,34476477.52,29243223.67,11022.19,
Ibiara,2506608,ibiarense,LUCINEIDE VIEIRA PEREIRA,240.357,5631,23.43,5713,99.21,0.586,-,37949317.81,32615011.68,9830.27,
Imaculada,2506707,imaculadense,ALDO LUSTOSA DA SILVA,317.804,10392,32.70,10497,100,0.557,16.39,60110950.08,57091719.14,8277.65,
Ing&aacute;,2506806,ingaense,JANDERSON DE OLIVEIRA CHAVES,262.179,17692,67.48,18234,99.13,0.592,10.05,114307183.71,103851099.86,10721.55,
Itabaiana,2506905,itabaianense,JOSE CLAUDIO CHAVES CAVALCANTE NETO,210.572,23182,110.09,23558,98.08,0.613,21.43,105335642.65,90027794.45,13783.7,
Itaporanga,2507002,itaporanguense,AZIF DAVI LEMOS,460.210,23940,52.02,24766,98.43,0.615,9.15,109068539.05,102104866.76,13671.27,
Itapororoca,2507101,itapororoquense,JOAO BATISTA SANTOS DA SILVA,145.807,18382,126.07,19165,99.59,0.564,10.38,111521534.09,100018933.45,10877.47,
Itatuba,2507200,itatubense,JOSMAR LACERDA MARTINS,251.749,10499,41.70,10840,99.48,0.562,13.61,59963803.87,57406190.9,14022.61,
Jacara&uacute;,2507309,jacarauense,M&Aacute;RCIO AURELIO MADRUGA CRUZ,256.845,14477,56.36,14969,99.59,0.558,-,104405341.73,104461185.61,11414.24,
Jeric&oacute;,2507408,jericoense,KADSON VALBERTO LOPES MONTEIRO,177.356,7516,42.38,7728,99.35,0.603,13.33,48804329.07,46628953.67,9844.33,
Jo&atilde;o Pessoa,2507507,pessoense,CICERO DE LUCENA FILHO,210.044,833932,3970.27,897633,97.57,0.763,12.58,4800808170.95,4541626554.45,26936.78,
Juarez T&aacute;vora,2507606,tavorense,WILSON EVANGELISTA FEITOSA,75.678,7796,103.02,8088,98.93,0.579,19.23,46709769.12,43936447.94,9124.1,
Juazeirinho,2507705,juazeirinhense,ANNA VIRGINIA DE BRITO MATIAS,474.606,17007,35.83,17520,98.61,0.567,32.14,116726656.35,103868537.03,11417.26,
Junco do Serid&oacute;,2507804,juncoense,PAULO NEIDE MELO FRAGOSO,180.425,6793,37.65,7019,99.46,0.617,18.18,47559629.26,43281073.81,13346.55,
Juripiranga,2507903,juripiranguense,ANTONIO MAROJA GUEDES FILHO,78.706,10012,127.21,10255,98.29,0.548,7.94,75474264.99,65324478.91,10836.82,
Juru,2508000,juruense,SOLANGE MARIA FELIX BARBOSA,395.075,9234,23.37,9380,99.28,0.570,-,58626451.65,56660682.37,8876.57,
Lagoa,2508109,lagoense,MARIA RODRIGUES LINHARES DE LIMA,176.649,4415,24.99,4489,96.26,0.563,21.28,37084042.22,32578517.21,11041.33,
Lagoa de Dentro,2508208,lagoa-dentrense,CAMAF DOUGLAS DA SILVA MOREIRA,83.508,7819,93.63,8123,98.23,0.570,19.05,55595907.23,51945490.48,10773.37,
Lagoa Seca,2508307,lagoa-sequense,MICHELLE RIBEIRO DO NASCIMENTO,108.219,27730,256.24,29209,98.82,0.627,6.19,139930136.74,140439526.82,11171.49,
Lastro,2508406,lastrense,RONALDO GONCALVES SOARES SOBRINHO,107.416,3162,29.44,3316,100,0.533,-,34873236.6,33098924.89,10932.15,
Livramento,2508505,livramentense,ERNANDES BARBOZA N&Oacute;BREGA,266.948,6877,25.76,7041,99.25,0.566,10.75,44352213.17,40132645.92,9629.25,
Logradouro,2508554,logradourense,JOS&Eacute; MARINALDO DA CRUZ,42.876,4797,111.88,5107,100,0.583,57.14,40073795.7,38140259.72,11041.91,
Lucena,2508604,lucenense,LEOMAX DA COSTA BANDEIRA,93.800,12560,133.90,13088,97.75,0.583,5.52,80861737.83,85275516.02,16716.6,
M&atilde;e d'&Aacute;gua,2508703,m&atilde;e-daguense,JUCELIO PEREIRA MOURA,228.676,3583,15.67,3599,99.26,0.542,32.26,32692971.03,29486276.2,9680.02,
Malta,2508802,maltense,ANA MARIA PEIXOTO DE ARAUJO,172.010,6046,35.15,6288,99.29,0.642,-,42560890.7,39826109.25,13865.76,
Mamanguape,2508901,mamanguapense,JOAQUIM FERNANDES DE OLIVEIRA NETO,337.434,44599,132.17,46966,97.01,0.585,13.62,216420176.85,202632619.62,17737.3,
Mana&iacute;ra,2509008,manairense,MANOEL VIRGULINO SIM&Atilde;O,352.025,10434,29.64,10699,98.15,0.543,16.95,55619790.96,52590275.34,9230.77,
Marca&ccedil;&atilde;o,2509057,marca&ccedil;&atilde;oense,ELLYS S&Ocirc;NIA OLIVEIRA GOMES DA SILVA,122.665,8999,73.36,9537,99.37,0.529,17.75,55078014.76,53670239.63,10938.7,
Mari,2509107,mariense,LUCIA DE FATIMA SANTOS DA SILVA,155.265,21512,138.55,22170,100,0.548,-,95099322.18,92147040.28,11043.96,
Mariz&oacute;polis,2509156,marizopolense,LUCAS GON&Ccedil;ALVES BRAGA,69.952,6705,95.85,7001,98.36,0.608,27.78,47327262.78,42807142.62,12250.49,
Massaranduba,2509206,massarandubense,JO&Atilde;O COSTA DE SOUSA,209.402,14139,67.52,14756,98.68,0.567,19.23,75052558.56,65409157.28,9262,
Mataraca,2509305,mataraquense,EYMARD DE ARA&Uacute;JO PEDROSA,182.439,8244,45.19,8650,98.48,0.536,-,70101193.94,64596732.71,27832.84,
Matinhas,2509339,matinhense,BENEDITO BRAZ DA SILVA,36.522,4571,125.16,4759,100,0.541,-,36702437.26,30052053.87,11933.63,
Mato Grosso,2509370,matogrossense,GIDALVA FRANCISCA DE LIMA,85.275,2543,29.82,2584,96.54,0.565,-,26263330.38,22030090.34,10801.82,
Matur&eacute;ia,2509396,matureense,ELIANDRO MACEDO SANTOS,83.053,6433,77.46,6717,99.26,0.572,8.85,42911505.48,38804404.28,9239.25,
Mogeiro,2509404,mogeirense,ANTONIO JOSE FERREIRA,214.093,13899,64.92,14435,99.18,0.574,10.87,93313261.26,77113350.17,12416.64,
Montadas,2509503,montadense,JOSE ROMERO MARTINS DOS SANTOS,31.793,5812,182.81,6144,99.61,0.590,-,44365538.8,41779385.32,9515.07,
Monte Horebe,2509602,horebense,MILENA KAREN TAVARES NOGUEIRA,116.854,4338,37.12,4429,99.25,0.587,-,49322224.88,46734446.99,9877.56,
Monteiro,2509701,monteirense,ANA PAULA BARBOSA OLIVEIRA MORATO,992.620,32277,32.52,33886,99.14,0.628,13.99,180380086.57,171088034.84,18888.75,
Mulungu,2509800,mulunguense,DANIELA RODRIGUES RIBEIRO,187.259,8791,46.95,8909,98.9,0.565,17.54,50310802.39,50894073.6,9852.41,
Natuba,2509909,natubense,JOSE LINS DA SILVA FILHO,202.173,8945,44.24,8935,100,0.541,40.54,66553893.29,55760140.44,9136.26,
Nazarezinho,2510006,nazarezinhense,MARCELO BATISTA VALE,193.203,7203,37.28,7394,99.46,0.562,-,46856559.19,44365002.2,9072.36,
Nova Floresta,2510105,nova-florestense,JOSE IRAN DOS SANTOS,47.572,9724,204.41,9840,98.86,0.601,9.09,51471226.93,46361043.71,9384.37,
Nova Olinda,2510204,nova-olindense,CICERO DAVID DE ANDRADE,81.516,5787,70.99,5897,99.38,0.573,12.99,43820465.81,41125625.79,9810.23,
Nova Palmeira,2510303,nova-palmeirense,ANT&Ocirc;NIO ORLANDO PEREIRA DE ARA&Uacute;JO,314.748,4259,13.53,4359,100,0.595,26.32,48608907.58,50008718.18,9775.17,
Olho d'&Aacute;gua,2510402,olho-daguense,JOANA SABINO DE ALMEIDA CARVALHO,580.470,6060,10.44,6059,99.64,0.572,28.57,40587374.13,38276255.14,9665.68,
Olivedos,2510501,olivedense,PEDRO JARSON VERISSIMO DE SOUZA,314.625,3580,11.38,3675,100,0.603,-,37273035.47,32622777.74,10926.23,
Ouro Velho,2510600,ouro-velhense,GILVANEY JOS&Eacute; VEN&Acirc;NCIO DA SILVA J&Uacute;NIOR,128.110,2918,22.78,3000,100,0.614,-,38052396.18,33944704.22,12542.35,
Parari,2510659,parariense,GENIVAL AIRES DE QUEIROZ FILHO,207.814,1720,8.28,1745,100,0.584,100,30001957.38,27810240.4,12304.05,
Passagem,2510709,passagense,ROZ&Acirc;NGELA FERREIRA SILVA,123.422,2463,19.96,2580,100,0.620,114.29,31788669.42,28045627.94,11765.11,
Patos,2510808,patoense,NABOR WANDERLEY DA NOBREGA FILHO,472.892,103165,218.16,108104,99.62,0.701,10.57,475609881.31,447338566.23,18329.13,
Paulista,2510907,paulistense,LUCAS DE SOUSA PEREIRA,577.379,11834,20.50,12172,96.4,0.587,27.52,86451132.79,86238281.63,12651.17,
Pedra Branca,2511004,pedra-branquense,ALLISON VICTO BASTOS DE SOUSA,116.873,3739,31.99,3851,100,0.599,40.82,45761345.17,36083891.67,9853.48,
Pedra Lavrada,2511103,pedra-lavradense,JOSE ANTONIO VASCONCELOS DA COSTA,335.615,6859,20.44,6980,99.1,0.574,15.38,64288787.07,61134225.03,10067.2,
Pedras de Fogo,2511202,pedras-foguense,JOS&Eacute; CARLOS FERREIRA BARROS,406.729,29662,72.93,31356,98.15,0.590,14.02,190489681.03,189541857.57,19452.45,
Pianc&oacute;,2511301,piancoense,J&Uacute;LIO EDUARDO VEN&Acirc;NCIO PINHEIRO,576.986,16441,28.49,17088,98.63,0.621,27.78,95411262.37,87647812.95,12776.52,
Picu&iacute;,2511400,picu&iacute;ense,JOS&Eacute; RANIERI SANTOS FERREIRA,667.714,18333,27.46,18862,99.83,0.608,28.99,123802223.38,110351325.93,11378.13,
Pilar,2511509,pilarense,PATRICIA RODRIGUES SILVA OLIVEIRA DE FARIAS,103.306,12311,119.17,12889,96.89,0.579,-,68383318.14,64385332.58,10111.37,
Pil&otilde;es,2511608,piloense,SORAYA FERREIRA SALES DA CUNHA,65.574,6815,103.93,6974,99.83,0.560,-,48038121.7,48083569.95,14641.92,
Pil&otilde;ezinhos,2511707,pil&otilde;ezinhense,MARCELO MATIAS CAMELO,40.908,5329,130.27,5539,98.56,0.564,-,43225274.13,43015883.16,10373.93,
Pirpirituba,2511806,pirpiritubense,DANILO CALIXTO DE FREITAS ROCHA,80.672,9340,115.78,9411,99.56,0.595,18.18,57921370.37,52016647.77,8980.48,
Pitimbu,2511905,pitimbuense,ADELMA CRISTOVAM DOS PASSOS,135.801,16751,123.35,17166,99.34,0.570,4.18,130049126.94,122827894.11,22092.43,
Pocinhos,2512002,pocinhense,ELIANE MOURA DOS SANTOS GALDINO,623.967,17469,28.00,18038,99,0.591,8.13,154383249.67,130444701.26,15101.87,
Po&ccedil;o Dantas,2512036,po&ccedil;odantense,ITAMAR MOREIRA FERNANDES,97.758,3830,39.18,3934,100,0.525,-,52122361.94,45836813.86,10376.63,
Po&ccedil;o de Jos&eacute; de Moura,2512077,po&ccedil;omourense,LAIS RAQUEL DANTAS DE OLIVEIRA,94.646,4006,42.33,4126,99.18,0.612,22.22,54231296.82,50915276.19,10717.41,
Pombal,2512101,pombalense,CLAUDENILDO ALENCAR N&Oacute;BREGA,894.098,32473,36.32,33866,98.92,0.634,19.89,161619768.52,151001933.35,14177.59,
Prata,2512200,prataense,GENIVALDO FERNANDES DA SILVA,201.788,3915,19.40,4032,98.97,0.608,-,38667040.28,31053670.81,15167.11,
Princesa Isabel,2512309,princesense,EDNALDO DE MELO,368.569,21114,57.29,21674,99.16,0.606,7.58,125897473.14,128756897.25,11215,
Puxinan&atilde;,2512408,puxinanaense,ELEUZA MARIA DE OLIVEIRA,71.118,14277,200.75,14942,98.96,0.617,13.22,94010553.4,84007287.86,9987.45,
Queimadas,2512507,queimadense,DEL&Uacute;SIA BARROS DA SILVA,402.748,47658,118.33,50698,98.11,0.608,14.95,250417006.13,227794874.62,13646.91,
Quixaba,2512606,quixabense,ALLAN D LLON CANDEIA DE MACEDO,147.158,1743,11.84,1803,100,0.622,-,29163258.22,25228008.98,13312.85,
Rem&iacute;gio,2512705,remigioense,LUIS CLAUDIO R&Eacute;GIS MARINHO,183.459,17885,97.49,18399,98.94,0.607,8.51,101381726.34,94488089.22,9080.26,
Pedro R&eacute;gis,2512721,pedroregense,MICHELE RIBEIRO DE OLIVEIRA,74.216,5766,77.69,5932,98.03,0.542,12.82,42646063.45,37961652.44,9315.19,
Riach&atilde;o,2512747,riach&atilde;oense,DONATO APARECIDO DE AQUINO,85.291,2927,34.32,2945,99.34,0.574,-,37248240.18,33539034.49,9997.84,
Riach&atilde;o do Bacamarte,2512754,riachonense,JOSE DE ARIMATEA DA SILVA,40.281,4690,116.43,4911,97.82,0.553,-,49429281.69,44143706.64,10982.25,
Riach&atilde;o do Po&ccedil;o,2512762,riach&atilde;oense,MARCELO FERREIRA DE LIMA,40.460,4738,117.10,4989,100,0.555,32.26,43071215.9,41180845.81,12291.97,
Riacho de Santo Ant&ocirc;nio,2512788,riachoantoniense,MARCELO BARBOSA FERREIRA,93.654,1955,20.87,2063,99.29,0.594,-,31743169.73,28386397.28,15288.7,
Riacho dos Cavalos,2512804,riachoense,ARTHUR VIEIRA CARNEIRO,262.532,8493,32.35,8788,97.77,0.568,-,57697797.45,54347151.91,10822.34,
Rio Tinto,2512903,rio-tintense,MAGNA CELI FERNANDES GERBASI,465.240,24581,52.84,25500,96.96,0.585,19.94,120937600.94,108710856.65,13272.79,
Salgadinho,2513000,salgadinhense,ERIVAN J&Uacute;LIO DA SILVA,179.005,3355,18.74,3435,97.11,0.563,31.25,35235742.69,33074723.59,8413.51,
Salgado de S&atilde;o F&eacute;lix,2513109,salgadense,JONI MARCOS SOUZA DE OLIVEIRA,204.079,11505,56.38,11741,99.03,0.568,15.15,65516907.58,59895217.16,10610.87,
Santa Cec&iacute;lia,2513158,ceciliense,JOSE MARCILIO FARIAS DA SILVA,217.577,7670,35.25,8113,98.8,0.525,52.63,45710051.43,39693001.79,10059.66,
Santa Cruz,2513208,santa-cruzense,ALBERTO DUARTE DE SOUSA,217.677,5947,27.32,6013,99.61,0.618,16.13,39716357.01,40819948.57,9441.21,
Santa Helena,2513307,santa-helenense,JO&Atilde;O CLEBER FERREIRA LIMA,211.143,5865,27.78,6023,100,0.609,-,47183420.74,48151154.27,10620.57,
Santa In&ecirc;s,2513356,santineense,FELIX HENRIQUE LEITE VIEIRA,327.635,3227,9.85,3256,100,0.572,-,30232340.69,27978010.53,10235.53,
Santa Luzia,2513406,santa-luziense,HENRY MALDINEY DE LIRA N&Oacute;BREGA,440.766,14959,33.94,15418,99.32,0.682,12.27,124984279,103280623.86,24065.43,
Santana de Mangueira,2513505,santanense,MARINA DON&Aacute;RIA ALVARENGA DE LACERDA,405.164,5010,12.37,5090,98.53,0.535,30.77,42278651.08,36657752.68,10012.95,
Santana dos Garrotes,2513604,santana-garrotense,PALOMA KENNED LEITE DA SILVA,361.484,6569,18.17,6618,99.19,0.594,28.99,46742523.12,41134743.42,9671.89,
Joca Claudino,2513653,Joca-Claudinense,RINALDO CIPRIANO DE SOUSA,71.799,2539,35.36,2607,100,0.622,-,45288257.45,37577739.52,12501.62,
Santa Rita,2513703,santa-ritense,JACKSON ALVINO DA COSTA,718.576,149910,208.62,160852,97.32,0.627,14.57,570177616.73,566015966.57,18949.73,
Santa Teresinha,2513802,santa-teresinhense,JOSE DE ARIMATEIA NUNES CAMBOIM,359.442,4402,12.25,4492,99.14,0.627,-,36615440.63,34474314.52,12569.44,
Santo Andr&eacute;,2513851,santoandreense,EDGLEI AMORIM DO NASCIMENTO,197.791,2622,13.26,2708,100,0.600,-,30841595.67,29136917,11758.94,
S&atilde;o Bento,2513901,s&atilde;o-bentense,GERFERSON GARCIA DE SOUSA,245.840,32235,131.12,33845,92.49,0.580,7.56,223810596.36,210146624.72,16364.14,
S&atilde;o Bentinho,2513927,s&atilde;obentinhense,GIOVANA LEITE CAVALCANTI OL&Iacute;MPIO,199.635,4327,21.67,4490,100,0.606,-,38088093.94,34900441.81,11957.9,
S&atilde;o Domingos do Cariri,2513943,s&atilde;odominguense,ONILDO LINDBERG ANANIAS DA SILVA,233.835,2585,11.05,2688,97.92,0.589,23.26,32397503.38,25321308.13,10850.34,
S&atilde;o Domingos,2513968,s&atilde;odominguense,ADEILZA SOARES FREIRES,170.361,2595,15.23,2624,98.76,0.548,-,31163581.73,27142768.49,11595.69,
S&atilde;o Francisco,2513984,francisquense,GERONCIO SUCUPIRA JUNIOR,90.724,3137,34.58,3176,100,0.580,26.32,37518212.83,31319657.02,11583.67,
S&atilde;o Jo&atilde;o do Cariri,2514008,caririense,FRANCISCO JOAQUIM DE LUCENA PEREIRA,612.966,4226,6.89,4345,99.28,0.622,41.67,40525268.58,35503043.26,13260.21,
S&atilde;o Jo&atilde;o do Tigre,2514107,s&atilde;o-jo&atilde;o-tigrense,M&Aacute;RCIO ALEXANDRE LEITE,812.617,4263,5.25,4359,100,0.552,-,36726188.48,32813404.28,9283.18,
S&atilde;o Jos&eacute; da Lagoa Tapada,2514206,s&atilde;o-joseense,EVILASIO FORMIGA LUCENA NETO,333.724,7126,21.35,7251,98.52,0.530,28.99,51458636.08,49852881.72,9440.27,
S&atilde;o Jos&eacute; de Caiana,2514305,caianense,MANOEL PEREIRA DE SOUZA,183.273,5034,27.47,4966,99.36,0.565,13.16,49708503.48,44678068.22,8697.78,
S&atilde;o Jos&eacute; de Espinharas,2514404,espinharense,THAISE GOMES DE SOUSA,726.757,4083,5.62,4056,99.4,0.577,-,36815984.53,31529732.98,11844.18,
S&atilde;o Jos&eacute; dos Ramos,2514453,sanjoseense,MATHEUS AMORIM MARANHAO E SILVA,100.642,5891,58.53,6137,97.57,0.541,-,54117727.27,45707590.69,14343.99,
S&atilde;o Jos&eacute; de Piranhas,2514503,piranhense,SANDOVAL VIEIRA LINS,686.918,19067,27.76,19561,99.4,0.591,24.39,111375218.83,109586158.13,11289.98,
S&atilde;o Jos&eacute; de Princesa,2514552,s&atilde;ojoseense,JULIANO DINIZ DE MORAIS,158.052,3416,21.61,3323,100,0.565,-,30359731.86,25045019.36,8730.43,
S&atilde;o Jos&eacute; do Bonfim,2514602,bonfinense,ROSALBA GOMES DA NOBREGA MOTA,153.629,3242,21.10,3337,99.4,0.578,-,33244034.17,28756591.8,8943.38,
S&atilde;o Jos&eacute; do Brejo do Cruz,2514651,s&atilde;ojoseense,KLEDYANNE CRISTINA DA SILVA GOMES,253.787,1699,6.69,1750,100,0.581,-,32628664.89,28494086.44,15975.52,
S&atilde;o Jos&eacute; do Sabugi,2514701,sabugiense,EMANUEL DE ARA&Uacute;JO DOMICIANO DANTAS,213.555,4138,19.38,4283,100,0.617,-,56884367.78,53832840.43,30132.81,
S&atilde;o Jos&eacute; dos Cordeiros,2514800,s&atilde;o-joseense (dos Cordeiros),FEL&Iacute;CIO KELMO ALMEIDA QUEIROZ,376.661,3411,9.06,3462,100,0.556,27.78,38510540.14,32567286.78,10237.66,
S&atilde;o Mamede,2514909,s&atilde;o-mamedense,FRANCISCO DAS CHAGAS LOPES DE SOUZA FILHO,533.446,7470,14.00,7629,98.4,0.641,-,52564310.35,66683147.59,10705.26,
S&atilde;o Miguel de Taipu,2515005,taipuense,LAELSON ALBUQUERQUE,92.413,7066,76.46,7307,98.71,0.548,20.41,53301360.89,49246456.76,11090.71,
S&atilde;o Sebasti&atilde;o de Lagoa de Ro&ccedil;a,2515104,lagoense (de Ro&ccedil;a),PEDRO JUNIOR QUARESMA DE ARAUJO,46.372,11040,238.07,11387,100,0.594,15.63,65390927.74,63095876.33,8970.65,
S&atilde;o Sebasti&atilde;o do Umbuzeiro,2515203,s&atilde;o-sebastianense,ADALCY MIL&Ecirc;NE DE FREITAS NEVES,464.327,3279,7.06,3382,99.42,0.581,-,37258121.45,31719786.09,11433.3,
Sap&eacute;,2515302,sapeense,SIDNEI PAIVA DE FREITAS,313.678,51306,163.56,53457,98.66,0.569,12.32,216868543.8,241936222.32,12756.07,
S&atilde;o Vicente do Serid&oacute;,2515401,seridoense,ERIVAM DOS ANJOS LEONARDO,262.751,10291,39.17,10652,99.08,0.555,11.49,59182625.53,56551406.95,8232.3,
Serra Branca,2515500,serra-branquense,MICHEL ALEXANDRE PEREIRA MARQUES,698.102,13614,19.50,14131,98.93,0.628,6.94,73594286.4,74239746.41,10694.7,
Serra da Raiz,2515609,serra-raizense,LUIZ GONZAGA BEZERRA DUARTE,31.679,3094,97.67,3156,99.29,0.626,25,35079379.86,32283713.88,11892.76,
Serra Grande,2515708,serra-grandense,VICENTE ANTONIO DA SILVA NETO,64.352,2942,45.72,3056,100,0.586,-,35203239.08,27615595.45,11360.25,
Serra Redonda,2515807,serra-redondense,FRANCISCO BERNARDO DOS SANTOS,55.197,6828,123.70,6975,99.74,0.570,21.05,41460719.71,36985009.61,10172.58,
Serraria,2515906,serrariense,EN&Eacute;IAS PEREIRA DA SILVA,65.062,4885,75.08,4754,99.27,0.547,-,39027455.96,33203238.17,11212.51,
Sert&atilde;ozinho,2515930,sert&atilde;ozienhense,RONALDO NOGUEIRA VIEIRA,32.455,5054,155.72,5332,100,0.621,-,48406660.71,42112797.64,10612.64,
Sobrado,2515971,sobradense,OLINALDO MARTINS DA SILVA,61.953,8236,132.94,8646,99.69,0.573,16.26,52749072.7,48448780.75,14360.58,
Sol&acirc;nea,2516003,solanense,JUCIAN JAD DO AMARAL COSTA,233.043,26774,114.89,27748,98.62,0.595,17.24,119434202.83,107246060.72,13553.35,
Soledade,2516102,soledadense,JOS&Eacute; ALVES DE MIRANDA NETO,578.178,13968,24.16,14409,98.91,0.616,26.14,92058181.35,90423261.32,13377.14,
Soss&ecirc;go,2516151,sosseguense,VANUSA DA PAZ MEDEIROS,147.264,3345,22.71,3476,100,0.573,18.18,35803563.07,30269466.64,10663.42,
Sousa,2516201,sousense,HELDER MOREIRA ABRANTES DE CARVALHO,728.492,67259,92.33,70066,98.86,0.668,10.61,293039879.87,274742706.78,18836.93,
Sum&eacute;,2516300,sumeense,MANOEL LOUREN&Ccedil;O QUEIROZ DUARTE,833.315,17166,20.60,17852,99.42,0.627,-,115563427.92,103390118.77,11749.92,
Tacima,2516409,tacimense,LUIS RODRIGUES SOBRINHO,245.236,8010,32.66,7794,98.99,0.551,12.2,52629091.22,47851060.25,8317.81,
Tapero&aacute;,2516508,taperoaense,GEORGE CIRO MONTEIRO DE FARIAS,628.365,14068,22.39,14358,98.57,0.578,12.27,88138453.72,79047686.8,8977.25,
Tavares,2516607,tavarense,GENILDO JOS&Eacute; DA SILVA,239.507,14101,58.88,14473,99.63,0.586,7.25,80933621.27,76240206.73,9458.45,
Teixeira,2516706,teixeirense,WENCESLAU SOUZA MARQUES,155.452,14631,94.12,15129,99.48,0.605,20.08,90906281.37,81181521.44,11027.51,
Ten&oacute;rio,2516755,tenorense,MANOEL VASCONCELOS,87.452,2966,33.92,3082,100,0.581,-,34769332.81,30964767.75,11111.22,
Triunfo,2516805,triunfense,ESPEDITO CEZARIO DE FREITAS FILHO,224.336,9892,44.09,10315,98.71,0.609,19.42,78986233.76,72825324.05,9233.39,
Uira&uacute;na,2516904,uiraunense,MARIA SULENE DANTAS SARMENTO,293.182,14930,50.92,15431,99.43,0.636,18.4,110031311.86,101220042.13,12537.15,
Umbuzeiro,2517001,umbuzeirense,FERNANDA ISABEL LEAL MORAES DUARTE,185.578,9124,49.17,9274,100,0.584,-,76133340.44,73611273.81,9193.27,
V&aacute;rzea,2517100,varzense,PAULO NOBREGA DE MEDEIROS,191.282,2668,13.95,2777,99.34,0.707,-,29802281.8,25232667.72,13087.54,
Vieir&oacute;polis,2517209,vieiropolense,THIALLY ARISTOTELIS DE OLIVEIRA,147.098,4864,33.07,4967,100,0.571,20.83,36981158.38,35925880.82,9766.21,
Zabel&ecirc;,2517407,zabeleense,JORS&Acirc;MARA BEZERRA NEVES SILVA,106.811,2228,20.86,2323,98.97,0.623,-,34595781.68,29370763.25,11882.14,